City_ID,City,Lat,Lng,Max Temp,Humidity,Cloudiness,Wind Speed,Country,Date
0,tura,25.5198,90.2201,23.78,97,100,2.69,IN,1690403338
1,talara,-4.5772,-81.2719,28.42,57,0,7.2,PE,1690403200
2,tralee,52.2704,-9.7026,16.77,97,100,4.36,IE,1690403334
3,klyuchi,52.2667,79.1667,23.12,34,100,3.21,RU,1690403067
4,thompson,55.7435,-97.8558,16.09,63,100,5.66,CA,1690403081
5,adamstown,-25.066,-130.1015,19.84,68,100,8.25,PN,1690403075
6,brookings,44.3114,-96.7984,36.14,40,0,5.14,US,1690403339
7,ifrane,33.3333,-5.25,21.03,48,0,1.92,MA,1690403339
8,port douglas,-16.4833,145.4667,21.81,82,60,8.41,AU,1690403234
9,vilyuchinsk,52.9306,158.4028,16.15,77,100,0.78,RU,1690403084
10,petropavlovsk-kamchatsky,53.0452,158.6483,15.33,88,0,2.0,RU,1690403339
11,barah,13.7,30.3667,26.93,65,98,6.61,SD,1690403340
12,labytnangi,66.6572,66.4183,16.2,89,95,7.25,RU,1690403340
13,bredasdorp,-34.5322,20.0403,10.26,91,100,2.8,ZA,1690403142
14,mimon,50.6587,14.7247,14.58,74,24,1.53,CZ,1690403340
15,sao sepe,-30.1606,-53.5653,14.92,90,100,4.18,BR,1690403340
16,bilibino,68.0546,166.4372,10.35,73,17,1.62,RU,1690403206
17,tiksi,71.6872,128.8694,5.83,78,33,2.09,RU,1690403340
18,san luis de la loma,17.2706,-100.8939,32.84,56,50,4.53,MX,1690403341
19,lere,10.387,8.5726,23.05,87,100,2.03,NG,1690403341
20,pisco,-13.7,-76.2167,22.03,60,20,8.75,PE,1690403341
21,iqaluit,63.7506,-68.5145,8.85,81,75,2.06,CA,1690403341
22,mount pearl,47.5166,-52.7813,28.19,39,75,7.72,CA,1690403341
23,puerto natales,-51.7236,-72.4875,1.27,91,99,1.62,CL,1690403342
24,lompoc,34.6391,-120.4579,34.32,77,75,5.14,US,1690403145
25,longyearbyen,78.2186,15.6401,12.91,67,20,5.14,SJ,1690403342
26,manay,7.215,126.5397,25.72,85,92,4.85,PH,1690403343
27,waitangi,-43.9535,-176.5597,8.79,53,98,8.26,NZ,1690403343
28,port-aux-francais,-49.35,70.2167,5.14,80,78,18.26,TF,1690403084
29,tahla,34.0485,-4.428,26.93,37,0,4.22,MA,1690403344
30,ushuaia,-54.8,-68.3,1.81,69,20,9.26,AR,1690403260
31,st. john's,47.5649,-52.7093,28.66,39,75,7.72,CA,1690403215
32,saipan,15.1355,145.701,27.39,100,0,8.49,MP,1690403344
33,cabinda,-5.55,12.2,21.37,92,5,2.88,AO,1690403345
34,novyy urgal,51.0736,132.5642,15.51,98,12,0.45,RU,1690403345
35,edinburgh of the seven seas,-37.0676,-12.3116,10.16,62,73,9.12,SH,1690403345
36,hermanus,-34.4187,19.2345,9.33,87,16,3.95,ZA,1690403073
37,anna regina,7.2644,-58.5077,28.92,69,84,2.84,GY,1690403346
38,east london,-33.0153,27.9116,17.74,65,57,3.12,ZA,1690403346
39,atafu village,-8.5421,-172.5159,28.22,74,23,8.63,TK,1690403102
40,castillos,-34.1667,-53.8333,11.76,81,96,6.87,UY,1690403346
41,naryn,41.4287,75.9911,15.96,64,72,2.97,KG,1690403346
42,soro,21.2881,86.6858,27.57,89,77,2.83,IN,1690403347
43,tamanrasset,22.785,5.5228,31.95,9,0,3.09,DZ,1690403347
44,langarud,37.197,50.1535,24.38,82,36,0.45,IR,1690403347
45,puerto ayora,-0.7393,-90.3518,29.98,89,85,3.13,EC,1690403273
46,bethel,41.3712,-73.414,31.4,61,20,4.12,US,1690403347
47,fremont,37.5483,-121.9886,34.65,55,0,5.14,US,1690402954
48,ilulissat,69.2167,-51.1,16.01,36,20,4.63,GL,1690403348
49,blackmans bay,-43.0167,147.3167,8.72,78,99,2.6,AU,1690403348
50,fale old settlement,-9.3852,-171.2468,28.25,73,15,8.77,TK,1690403348
51,udachny,66.4167,112.4,16.36,72,100,1.82,RU,1690403064
52,cabo san lucas,22.8909,-109.9124,35.34,65,20,3.6,MX,1690402911
53,smithers,54.7804,-127.1743,18.18,55,75,4.63,CA,1690403349
54,teruel,40.6667,-0.6667,17.93,52,0,2.72,ES,1690403349
55,coahuayana de hidalgo,18.7,-103.6583,32.91,58,92,3.0,MX,1690403349
56,albany,42.6001,-73.9662,31.05,60,57,0.89,US,1690403316
57,grytviken,-54.2811,-36.5092,-0.51,98,100,4.31,GS,1690403136
58,lebu,-37.6167,-73.65,10.67,76,100,3.2,CL,1690403350
59,codrington,-38.2667,141.9667,7.2,81,5,5.49,AU,1690403066
60,belmonte,-15.8631,-38.8828,23.58,73,43,2.97,BR,1690403350
61,jincheng,35.5022,112.8328,23.2,80,20,1.05,CN,1690403350
62,zeya,53.75,127.2667,16.51,75,26,0.71,RU,1690403351
63,velikiy ustyug,60.7644,46.3106,16.45,92,100,3.38,RU,1690403351
64,yaroslavskiy,44.1683,132.2072,20.74,94,51,1.89,RU,1690403351
65,yellowknife,62.456,-114.3525,25.29,29,75,7.72,CA,1690403351
66,stornoway,58.2093,-6.3865,15.61,81,75,3.6,GB,1690403352
67,amurzet,47.6967,131.0981,20.67,86,100,2.34,RU,1690403352
68,nova sintra,14.8667,-24.7167,23.18,85,67,5.21,CV,1690403262
69,lesosibirsk,58.2358,92.4828,14.92,96,97,1.73,RU,1690403352
70,olonkinbyen,70.9221,-8.7187,4.78,91,100,5.73,SJ,1690403352
71,haiku-pauwela,20.9219,-156.3051,29.54,61,40,9.26,US,1690403353
72,fort bragg,35.139,-79.006,36.08,44,20,3.09,US,1690403353
73,tazacorte,28.629,-17.9293,23.54,87,20,5.14,ES,1690403353
74,felipe carrillo puerto,19.5833,-88.05,35.52,39,37,3.99,MX,1690403354
75,hithadhoo,-0.6,73.0833,28.37,78,69,7.56,MV,1690403354
76,nantucket,41.2835,-70.0995,29.03,80,0,5.66,US,1690403355
77,wailua homesteads,22.0669,-159.378,28.44,80,40,6.69,US,1690403355
78,dudinka,69.4058,86.1778,20.9,76,7,2.87,RU,1690403355
79,rongelap,11.1635,166.8941,27.79,82,100,8.29,MH,1690403356
80,ust-nera,64.5667,143.2,11.18,82,92,3.15,RU,1690403356
81,qianzhou,28.3167,109.7167,23.7,97,100,1.03,CN,1690403356
82,narvik,68.4384,17.4272,17.99,83,56,1.93,NO,1690403356
83,leava,-14.3,-178.1667,25.79,76,93,7.84,WF,1690403357
84,vilyuysk,63.7553,121.6247,11.25,69,49,2.0,RU,1690403357
85,taiyuan,37.8694,112.5603,23.92,69,0,2.0,CN,1690403357
86,nar'yan-mar,67.6713,53.087,16.6,71,75,1.59,RU,1690403357
87,talnakh,69.4865,88.3972,20.67,66,7,2.26,RU,1690403357
88,qaqortoq,60.7167,-46.0333,7.46,80,92,2.55,GL,1690403066
89,edgewater,28.9889,-80.9023,34.51,73,82,0.45,US,1690403358
90,carnarvon,-24.8667,113.6333,15.81,59,29,7.34,AU,1690403189
91,qalat,32.1058,66.9083,26.89,45,26,0.44,AF,1690403358
92,partenit,44.578,34.3446,21.66,80,3,1.98,UA,1690403358
93,acapulco de juarez,16.8634,-99.8901,31.9,55,40,5.14,MX,1690403359
94,northam,51.0333,-4.2167,17.59,98,100,10.51,GB,1690403359
95,astrakhan,46.3497,48.0408,23.93,69,0,3.13,RU,1690403289
96,isafjordur,66.0755,-23.124,8.3,82,83,4.91,IS,1690403157
97,jiayuguan,39.8167,98.3,24.93,29,100,0.66,CN,1690403360
98,brisas de zicatela,15.8369,-97.0419,32.29,55,20,2.06,MX,1690403360
99,gizo,-8.103,156.8419,27.08,82,84,5.22,SB,1690403360
100,gobabis,-22.45,18.9667,14.87,24,12,3.17,,1690403360
101,yarmouth,41.7057,-70.2286,31.26,69,0,6.17,US,1690403361
102,celestun,20.8667,-90.4,31.25,66,96,8.48,MX,1690403361
103,lorengau,-2.0226,147.2712,27.89,79,81,6.18,PG,1690403361
104,dunedin,-45.8742,170.5036,6.56,68,83,6.71,NZ,1690403361
105,papatowai,-46.5619,169.4708,5.23,91,100,12.77,NZ,1690403361
106,whitehorse,60.7161,-135.0538,20.43,64,75,1.54,CA,1690403362
107,vargashi,55.3556,65.8467,18.41,61,73,0.48,RU,1690403362
108,the pas,53.8251,-101.2541,14.01,94,100,3.09,CA,1690403362
109,inhambane,-23.865,35.3833,20.26,60,54,3.73,MZ,1690403362
110,queenstown,-31.8976,26.8753,13.87,59,99,2.84,ZA,1690403082
111,hawaiian paradise park,19.5933,-154.9731,27.73,80,40,2.57,US,1690403362
112,vorgashor,67.5833,63.95,14.42,90,100,2.72,RU,1690403363
113,port lincoln,-34.7333,135.8667,13.26,53,3,6.92,AU,1690403363
114,jamestown,42.097,-79.2353,30.77,47,47,3.13,US,1690403126
115,ribeira brava,32.65,-17.0667,23.89,74,55,1.46,PT,1690403363
116,skelleftea,64.7507,20.9528,14.44,100,100,1.54,SE,1690403363
117,al minya,28.1099,30.7503,35.67,17,50,3.56,EG,1690403364
118,axim,4.8699,-2.2405,24.89,90,87,2.57,GH,1690403364
119,alice springs,-23.7,133.8833,12.75,71,100,0.0,AU,1690403364
120,olyokminsk,60.3736,120.4264,16.95,97,8,2.06,RU,1690403364
121,georgetown,5.4112,100.3354,27.96,95,40,1.03,MY,1690403074
122,teluknaga,-6.0989,106.6381,27.02,94,40,2.06,ID,1690403364
123,hongjiang,27.11,109.9956,24.32,94,100,1.34,CN,1690403364
124,port elizabeth,-33.918,25.5701,17.16,67,0,5.66,ZA,1690403249
125,tsiombe,-25.3,45.4833,18.21,56,1,5.23,MG,1690403365
126,hamilton,39.1834,-84.5333,33.14,63,0,6.69,US,1690402996
127,paramonga,-10.6667,-77.8333,21.97,71,11,5.07,PE,1690403365
128,colonia,50.9333,6.95,19.42,64,0,3.09,DE,1690403296
129,lesnoy,57.6198,63.0784,14.17,95,24,2.21,RU,1690403365
130,port mathurin,-19.6833,63.4167,23.75,78,47,6.13,MU,1690403365
131,tvoroyri,61.5556,-6.8111,10.44,73,15,4.27,FO,1690403366
132,invercargill,-46.4,168.35,6.54,71,100,10.79,NZ,1690403324
133,punta arenas,-53.15,-70.9167,2.19,68,38,6.2,CL,1690403052
134,anadyr,64.75,177.4833,11.28,87,75,4.0,RU,1690403366
135,kingston,17.997,-76.7936,34.02,71,20,4.12,JM,1690403273
136,gandu,-13.7439,-39.4867,21.03,97,90,0.88,BR,1690403366
137,meulaboh,4.1363,96.1285,25.08,91,100,1.53,ID,1690403367
138,mejit,10.2753,170.8646,27.99,79,100,7.69,MH,1690403367
139,tazovsky,67.4667,78.7,15.13,84,17,3.96,RU,1690403367
140,novoul'yanovsk,54.1496,48.3891,20.75,63,29,3.75,RU,1690403367
141,nizhnevartovsk,60.9344,76.5531,17.01,100,75,3.13,RU,1690403368
142,burang,30.25,81.1667,10.72,86,100,1.86,CN,1690403368
143,badger,64.8,-147.5333,26.18,65,75,1.54,US,1690403368
144,pariaman,-0.619,100.12,25.24,86,99,1.64,ID,1690403368
145,yemva,62.59,50.8594,14.99,73,84,1.91,RU,1690403368
146,burutu,5.3509,5.5076,25.84,86,86,3.37,NG,1690403368
147,iskateley,67.6803,53.1512,16.42,73,77,1.58,RU,1690403368
148,saint-joseph,-21.3667,55.6167,19.21,83,44,3.23,RE,1690403369
149,paradip garh,20.3167,86.6167,28.47,83,100,7.82,IN,1690403369
150,ta`u,-14.2336,-169.5144,25.34,74,93,5.53,AS,1690403369
151,san patricio,28.017,-97.5169,38.98,38,0,8.03,US,1690403202
152,smidovich,48.6,133.8167,19.27,92,13,2.6,RU,1690403369
153,kruisfontein,-34.0033,24.7314,13.82,66,100,2.71,ZA,1690403370
154,mili,6.0815,171.735,27.66,78,97,4.0,MH,1690403370
155,praia da vitoria,38.7333,-27.0667,26.14,69,20,2.51,PT,1690403370
156,glendive,47.1053,-104.7125,33.79,18,0,5.66,US,1690403370
157,tolanaro,-25.0319,46.9987,19.04,72,40,5.14,MG,1690403370
158,guajara mirim,-10.7828,-65.3394,35.89,23,3,1.55,BR,1690403370
159,vadso,70.0744,29.7487,10.49,93,100,2.06,NO,1690403284
160,andorra,42.5,1.5,14.72,82,20,1.89,AD,1690403371
161,utrik,11.2278,169.8474,27.87,82,100,7.71,MH,1690403371
162,aykhal,66.0,111.5,14.15,83,100,1.13,RU,1690403371
163,ayame,5.6083,-3.1563,23.69,91,61,1.84,CI,1690403372
164,kagoro,9.6,8.3833,21.56,91,92,1.1,NG,1690403372
165,meiktila,20.8667,95.8667,25.33,81,37,6.86,MM,1690403372
166,peterhead,57.5058,-1.7981,13.22,77,0,4.46,GB,1690403372
167,shwebo,22.5667,95.7,28.17,69,48,5.46,MM,1690403372
168,ola,59.5833,151.2833,16.19,95,100,2.03,RU,1690403373
169,dwarka,22.2394,68.9678,27.71,83,100,8.72,IN,1690403373
170,sitka,57.0531,-135.33,14.94,88,100,2.57,US,1690403245
171,antofagasta,-23.65,-70.4,18.6,73,20,3.1,CL,1690403145
172,puerto baquerizo moreno,-0.9,-89.6,27.55,74,40,5.14,EC,1690403374
173,avarua,-21.2078,-159.775,23.03,78,100,1.03,CK,1690403374
174,rio gallegos,-51.6226,-69.2181,-1.97,86,0,3.09,AR,1690403374
175,west island,-12.1568,96.8225,24.99,83,75,10.8,CC,1690403374
176,uturoa,-16.7333,-151.4333,25.54,84,40,4.04,PF,1690403374
177,arenapolis,-14.4503,-56.8461,35.51,18,3,0.92,BR,1690403374
178,fuerte olimpo,-21.0415,-57.8738,29.42,29,84,1.31,PY,1690403375
179,mumbwa,-14.9783,27.0619,16.63,50,2,3.21,ZM,1690403375
180,margaret river,-33.95,115.0667,12.93,66,100,8.56,AU,1690403148
181,aljezur,37.3191,-8.8033,17.09,95,5,3.67,PT,1690403375
182,eagle point,42.4726,-122.8028,30.87,38,0,0.45,US,1690403377
183,kapuskasing,49.4169,-82.4331,21.05,73,100,2.57,CA,1690403378
184,silvania,-16.6589,-48.6081,27.59,24,2,2.21,BR,1690403378
185,afaahiti,-17.75,-149.2833,25.93,85,42,2.8,PF,1690403378
186,at taj,24.2049,23.2857,30.26,10,5,4.67,LY,1690403379
187,kumeny,58.1089,49.9161,17.15,87,99,3.54,RU,1690403379
188,vernon,50.2581,-119.2691,25.72,38,43,2.68,CA,1690403285
189,kotma,23.2,81.9667,27.06,72,52,2.54,IN,1690403381
190,savyntsi,49.4026,37.0627,23.73,51,53,4.5,UA,1690403381
191,happy valley-goose bay,53.3168,-60.3315,26.17,36,40,5.66,CA,1690403311
192,saint-pierre,-21.3393,55.4781,19.82,88,75,3.6,RE,1690403383
193,miura,35.14,139.6192,27.99,87,28,3.79,JP,1690403383
194,lihue,21.9789,-159.3672,28.77,74,40,6.69,US,1690403098
195,taltal,-25.4,-70.4833,16.76,78,35,3.11,CL,1690403384
196,guli,28.8833,120.0333,23.87,94,85,1.49,CN,1690403384
197,ribeira grande,38.5167,-28.7,23.76,83,40,5.66,PT,1690403385
198,susuman,62.7833,148.1667,10.65,88,100,2.01,RU,1690403385
199,crane,31.3974,-102.3501,36.3,21,31,7.9,US,1690403385
200,ketchikan,55.3422,-131.6461,16.26,82,100,1.54,US,1690403385
201,grand falls-windsor,48.9332,-55.6649,28.61,54,100,5.88,CA,1690403124
202,severobaykal'sk,55.65,109.3167,10.48,98,89,0.56,RU,1690403386
203,nuuk,64.1835,-51.7216,5.34,93,75,8.23,GL,1690403386
204,sola,-13.8833,167.55,24.84,82,100,12.74,VU,1690403386
205,keflavik,64.0049,-22.5624,13.95,76,75,3.6,IS,1690403386
206,crestview,30.7621,-86.5705,35.84,42,40,2.57,US,1690403386
207,hovd,48.0056,91.6419,20.19,34,56,1.38,MN,1690403312
208,port macquarie,-31.4333,152.9167,6.05,91,12,2.14,AU,1690403386
209,bumba,2.1833,22.4667,23.23,82,69,1.26,CD,1690403387
210,mongo,12.1844,18.693,26.97,71,10,1.73,TD,1690403387
211,south hedland,-20.4089,118.5983,14.96,63,7,2.57,AU,1690403387
212,kununurra,-15.7667,128.7333,9.99,93,5,0.0,AU,1690403387
213,burriana,39.889,-0.085,27.04,65,0,1.27,ES,1690403199
214,chonchi,-42.6128,-73.8092,9.51,87,100,1.21,CL,1690403241
215,saint-denis,48.9167,2.3333,21.43,57,0,3.6,FR,1690403387
216,mana,5.6592,-53.7767,28.14,77,13,4.05,GF,1690403387
217,opuwo,-18.0607,13.84,18.71,32,0,2.49,,1690403387
218,qingdao,36.0986,120.3719,25.78,89,75,4.0,CN,1690403388
219,vila velha,-20.3297,-40.2925,22.97,84,0,4.63,BR,1690403236
220,manaure,11.7751,-72.4445,28.86,75,57,8.18,CO,1690403388
221,andrews,32.3187,-102.5457,38.01,20,0,2.57,US,1690403388
222,kondoa,-4.9,35.7833,14.74,65,27,2.06,TZ,1690403388
223,pong nam ron,12.9058,102.2623,22.98,97,100,1.22,TH,1690403388
224,ar rutbah,33.0381,40.2848,31.55,13,0,3.12,IQ,1690403388
225,goundam,16.4145,-3.6708,38.77,25,100,1.05,ML,1690403389
226,macau,22.2006,113.5461,32.7,66,0,4.12,MO,1690403389
227,taulaga,-11.0553,-171.0883,27.77,69,18,7.61,AS,1690403389
228,akkol',48.7833,53.2,26.83,39,1,1.11,KZ,1690403389
229,itoman,26.1247,127.6694,28.21,88,75,8.75,JP,1690403389
230,south sioux city,42.4739,-96.4136,34.44,58,0,5.66,US,1690403389
231,lerwick,60.1545,-1.1494,11.84,79,9,3.21,GB,1690403389
232,ghormach,35.7306,63.7826,30.27,13,7,0.84,AF,1690403389
233,dakoro,14.5106,6.765,35.14,37,31,4.53,NE,1690403389
234,ar ruways,24.1103,52.7306,33.95,64,98,1.94,AE,1690403390
235,chibougamau,49.9168,-74.3659,24.79,50,40,6.35,CA,1690403390
236,akureyri,65.6835,-18.0878,10.96,71,100,3.6,IS,1690403139
237,kwaksan,39.6875,125.0828,22.55,96,100,2.35,KP,1690403390
238,labrador city,52.9463,-66.9114,15.95,77,75,3.6,CA,1690403390
239,guarambare,-25.4833,-57.4667,22.79,53,54,4.65,PY,1690403390
240,enewetak,11.3474,162.3373,28.1,75,84,6.23,MH,1690403099
241,arno,60.1167,18.6333,14.66,71,41,3.94,SE,1690403390
242,fort st. john,56.2499,-120.8529,14.94,88,100,5.14,CA,1690403118
243,constantia,44.1833,28.65,24.38,79,19,3.56,RO,1690403391
244,amahai,-3.3333,128.9167,27.83,90,50,1.32,ID,1690403391
245,bandarbeyla,9.4942,50.8122,23.77,83,16,13.93,SO,1690403391
246,arar,30.9753,41.0381,35.01,9,0,4.12,SA,1690403391
247,mount gambier,-37.8333,140.7667,7.28,79,4,4.22,AU,1690403391
248,walvis bay,-22.9575,14.5053,12.83,87,18,0.51,,1690403391
249,manturovo,58.3353,44.7619,18.76,98,100,3.7,RU,1690403392
250,preobrazheniye,42.9019,133.9064,21.62,89,100,3.8,RU,1690403392
251,aasiaat,68.7098,-52.8699,3.82,88,21,3.93,GL,1690403392
252,chulakkurgan,43.765,69.1814,29.43,28,0,3.96,KZ,1690403392
253,gignac,43.652,3.5509,24.53,58,10,4.42,FR,1690403392
254,rio das pedras,-22.8433,-47.6061,24.7,42,4,1.5,BR,1690403131
255,aioun,16.6614,-9.6149,36.09,36,13,6.15,MR,1690403392
256,dergachi,51.2328,48.7659,23.2,51,3,3.44,RU,1690403392
257,la sarre,48.8002,-79.1996,23.51,62,100,6.49,CA,1690403393
258,mount isa,-20.7333,139.5,16.87,82,96,3.09,AU,1690403393
259,torghay,49.6339,63.4981,21.77,65,7,2.87,KZ,1690403393
260,lensk,60.7253,114.9278,16.42,97,39,1.91,RU,1690403393
261,ulladulla,-35.35,150.4667,7.99,73,0,1.95,AU,1690403393
262,yelovo,57.0538,54.9207,16.7,85,51,1.28,RU,1690403393
263,amga,60.8953,131.9608,13.36,81,97,1.48,RU,1690403393
264,el fasher,13.6279,25.3494,26.09,59,100,7.38,SD,1690403394
265,kearney,40.6995,-99.0815,36.73,37,0,3.6,US,1690403394
266,campos novos,-27.4017,-51.225,18.18,73,95,1.74,BR,1690403394
267,lala,7.9745,123.7458,23.68,97,100,1.1,PH,1690403394
268,al jawf,29.5,38.75,32.32,16,6,3.88,SA,1690403394
269,sinabang,2.4803,96.3801,26.49,84,100,1.06,ID,1690403394
270,tucuma,-0.1833,-50.05,29.64,66,52,3.26,BR,1690403394
271,arhavi,41.3492,41.3069,21.95,76,0,1.66,TR,1690403394
272,bougouni,11.417,-7.479,27.16,70,100,2.63,ML,1690403395
273,port-vila,-17.7338,168.3219,20.78,73,75,4.12,VU,1690403395
274,woodlake,37.4211,-77.6793,34.43,58,20,2.57,US,1690403395
275,pathein,16.7833,94.7333,25.55,93,59,1.66,MM,1690403395
276,kodiak,57.79,-152.4072,12.73,94,100,3.09,US,1690403395
277,dungarpur,23.8333,73.7167,27.97,78,100,4.14,IN,1690403395
278,scarborough,54.2797,-0.4044,14.88,84,100,1.79,GB,1690403381
279,trairi,-3.2778,-39.2689,27.29,71,8,6.58,BR,1690403229
280,mugia,43.1041,-9.2179,20.51,85,19,5.47,ES,1690403396
281,egilsstadir,65.2653,-14.3948,7.95,81,75,7.2,IS,1690403396
282,dakar,14.6937,-17.4441,29.49,81,100,4.86,SN,1690402684
283,zell am see,47.3256,12.7944,12.06,46,100,1.56,AT,1690403396
284,nago,26.5881,127.9761,28.24,87,100,6.76,JP,1690403396
285,antsiranana,-12.2787,49.2917,22.82,71,9,7.23,MG,1690403396
286,stanley,54.868,-1.6985,14.39,87,100,3.65,GB,1690403396
287,kuchera,26.9839,73.9719,30.65,68,100,2.76,IN,1690403396
288,maun,-19.9833,23.4167,16.98,39,0,3.09,BW,1690403397
289,puerto deseado,-47.7503,-65.8938,3.23,63,6,6.6,AR,1690403397
290,aral,40.5156,81.2636,29.54,26,0,1.97,CN,1690403397
291,palembang,-2.9167,104.7458,27.05,83,40,2.06,ID,1690403233
292,cabedelo,-6.9811,-34.8339,27.37,81,8,6.87,BR,1690403397
293,isangel,-19.55,169.2667,20.51,70,93,7.52,VU,1690403397
294,buncrana,55.1333,-7.45,16.87,98,100,3.63,IE,1690403397
295,darwin,-12.4611,130.8418,19.99,77,0,1.54,AU,1690403155
296,hadibu,12.65,54.0333,25.26,78,22,8.88,YE,1690403398
297,nowshahr,36.649,51.496,23.97,88,40,0.0,IR,1690403398
298,kargalinskaya,43.7417,46.4792,21.47,83,0,4.76,RU,1690403398
299,tokat,40.4167,36.5833,15.83,52,0,1.67,TR,1690403402
300,magong,23.5654,119.5863,30.23,74,99,3.18,TW,1690403403
301,weno,7.4515,151.8468,24.97,100,100,0.0,FM,1690403404
302,forster,-32.1667,152.5167,8.37,91,3,1.67,AU,1690403405
303,capo d'orlando,38.1435,14.7305,26.9,49,0,2.81,IT,1690403406
304,kathmandu,27.7167,85.3167,22.12,90,75,1.54,NP,1690403366
305,lukolela,-1.0605,17.1821,25.35,58,96,1.66,CD,1690403406
306,fengcheng,40.4536,124.0717,22.41,99,100,1.58,CN,1690403407
307,san luis potosi,22.5,-100.5,28.01,24,73,7.0,MX,1690403357
308,nova vicosa,-17.8919,-39.3719,20.16,85,16,1.6,BR,1690403407
309,barranca,-10.75,-77.7667,19.39,81,18,6.75,PE,1690403408
310,hastings,50.8552,0.5729,16.07,48,100,5.35,GB,1690403173
311,fidenza,44.864,10.0667,21.67,52,0,2.06,IT,1690403408
312,whistler,50.1164,-122.9695,18.57,52,75,1.54,CA,1690403152
313,zakynthos,37.7914,20.8953,28.62,54,20,2.06,GR,1690403409
314,dzhangala,49.2167,50.3333,26.76,39,8,2.79,KZ,1690403409
315,mil'kovo,55.6078,37.7956,21.08,92,40,4.91,RU,1690403391
316,igarka,67.4667,86.5833,18.22,86,1,2.53,RU,1690403409
317,sol'-iletsk,51.1631,54.9918,21.83,58,36,2.08,RU,1690403409
318,abashiri,44.0213,144.2697,19.11,92,93,3.65,JP,1690403410
319,lubang,13.8584,120.124,28.45,80,100,13.16,PH,1690403410
320,remire-montjoly,4.9167,-52.2667,28.02,83,20,1.54,GF,1690403277
321,santa terezinha,-29.9002,-50.0904,20.7,79,100,3.31,BR,1690403243
322,kaa-khem,51.6833,94.7333,12.82,78,4,1.4,RU,1690403415
323,trujillo,-8.116,-79.03,22.98,78,72,5.14,PE,1690403415
324,hailin,44.5833,129.4167,20.79,92,72,0.91,CN,1690403416
325,les cayes,18.2,-73.75,30.33,63,100,3.09,HT,1690403416
326,merizo village,13.2658,144.6691,26.31,97,100,11.19,GU,1690403416
327,richards bay,-28.783,32.0377,17.88,72,0,6.53,ZA,1690403416
328,morondava,-20.2833,44.2833,22.25,55,0,6.97,MG,1690403417
329,alo,7.4178,6.7371,25.58,87,95,1.97,NG,1690403417
330,hami,42.8,93.45,29.25,13,3,4.15,CN,1690403417
331,gadzhiyevo,69.2551,33.3362,10.13,97,100,2.24,RU,1690403249
332,kapsabet,0.2039,35.105,14.52,91,100,1.18,KE,1690403417
333,strelka,58.0728,93.0344,14.91,97,91,1.57,RU,1690403417
334,belle fourche,44.6714,-103.8522,35.83,23,100,7.07,US,1690403158
335,kailua-kona,19.6406,-155.9956,28.98,81,40,5.14,US,1690403418
336,umm kaddadah,13.6017,26.6876,28.13,54,100,7.68,SD,1690403418
337,molde,62.7375,7.1591,15.44,94,75,2.57,NO,1690403418
338,college,64.8569,-147.8028,26.22,66,75,1.54,US,1690403418
339,vila franca do campo,37.7167,-25.4333,24.23,79,32,1.57,PT,1690403418
340,kalmunai,7.4167,81.8167,26.82,75,100,1.16,LK,1690403419
341,ciudad guayana,8.3533,-62.6528,26.25,81,100,3.33,VE,1690403419
342,port shepstone,-30.7414,30.455,16.94,48,0,2.39,ZA,1690403419
343,mutoko,-17.397,32.2268,9.46,93,2,0.93,ZW,1690403419
344,aswan,24.0934,32.907,36.61,11,0,3.09,EG,1690403420
345,fort-shevchenko,44.5086,50.263,25.72,73,0,4.2,KZ,1690403420
346,san sebastian de la gomera,28.0916,-17.1133,24.65,83,0,2.06,ES,1690403420
347,poteau,35.0537,-94.6236,37.84,39,0,4.63,US,1690403315
348,paslek,54.0616,19.6593,15.31,77,100,2.66,PL,1690403421
349,chegdomyn,51.1167,133.0167,17.19,98,13,0.16,RU,1690403421
350,indianola,41.3581,-93.5574,36.6,49,0,6.31,US,1690403421
351,isabela,6.7085,121.9711,27.53,83,100,5.31,PH,1690403421
352,san antonio de pale,-1.4014,5.6325,22.95,90,100,4.29,GQ,1690403421
353,choyr,46.3611,108.3611,15.15,66,51,1.68,MN,1690403421
354,manta,-0.95,-80.7333,31.88,73,20,5.81,EC,1690403422
355,yeroham,30.9872,34.9314,27.14,46,0,0.8,IL,1690403422
356,portland,45.5234,-122.6762,27.22,45,20,4.63,US,1690402799
357,ust'-ilimsk,58.0006,102.6619,15.71,86,100,1.29,RU,1690403424
358,coquimbo,-29.9533,-71.3436,14.85,82,40,2.57,CL,1690403161
359,papao,-17.75,-149.55,26.82,83,100,4.52,PF,1690403424
360,akhmim,26.5622,31.745,34.11,16,87,4.22,EG,1690403425
361,margate,51.3813,1.3862,15.17,87,100,2.24,GB,1690403425
362,sorsk,54.0033,90.2467,11.8,82,48,2.79,RU,1690403425
363,yamba,-5.9,22.3,24.44,31,10,1.53,CD,1690403426
364,sandnessjoen,66.0217,12.6316,18.06,68,40,3.6,NO,1690403426
365,levuka,50.1834,-105.4011,27.9,17,20,9.77,CA,1690403426
366,xilin hot,43.9667,116.0333,18.07,89,69,2.49,CN,1690403426
367,saint croix,17.7397,-64.7388,30.25,70,20,7.72,VI,1690403426
368,hebi,35.8992,114.1925,25.73,72,49,1.98,CN,1690403225
369,arkhangel'sk,64.5401,40.5433,13.84,86,100,2.19,RU,1690403427
370,jaru,-10.4389,-62.4664,34.26,30,27,0.94,BR,1690403427
371,bagudo,11.4033,4.2296,29.0,67,100,3.98,NG,1690403427
372,tocopilla,-22.092,-70.1979,15.44,86,5,2.25,CL,1690403428
373,shkurinskaya,46.5858,39.3599,24.66,45,0,3.22,RU,1690403428
374,boa vista,2.8197,-60.6733,27.99,69,75,3.6,BR,1690403428
375,side,36.7667,31.3885,28.71,26,0,1.42,TR,1690403428
376,cockburn town,21.4612,-71.1419,28.7,82,64,9.09,TC,1690403241
377,dryden,49.7833,-92.7503,26.16,57,75,2.06,CA,1690403428
378,dompu,-8.5356,118.4622,20.46,96,57,0.63,ID,1690403429
379,pacific grove,36.6177,-121.9166,27.44,84,40,4.47,US,1690403429
380,flying fish cove,-10.4217,105.6791,24.82,88,100,4.12,CX,1690403429
381,huron,41.1501,-82.5499,31.69,67,30,8.09,US,1690403429
382,auki,-8.7676,160.7034,27.41,80,100,5.25,SB,1690403430
383,svetlyy,54.675,20.1347,16.09,69,100,5.12,RU,1690403430
384,tanda,26.55,82.65,29.06,68,98,3.23,IN,1690403430
385,greymouth,-42.4667,171.2,10.75,60,92,14.38,NZ,1690403430
386,north las vegas,36.1989,-115.1175,45.91,12,0,8.23,US,1690402935
387,arta,39.1606,20.9853,27.8,72,37,1.07,GR,1690403430
388,gornozavodsk,58.3758,58.3211,11.81,94,4,0.54,RU,1690403431
389,san antonio oeste,-40.7319,-64.9477,8.48,42,56,5.23,AR,1690403339
390,kodinsk,58.6881,99.1844,14.68,95,68,1.55,RU,1690403431
391,rach gia,10.0167,105.0833,26.85,82,100,6.58,VN,1690403431
392,banda aceh,5.5577,95.3222,26.72,79,100,5.72,ID,1690403173
393,zaozersk,69.4005,32.4476,10.83,94,100,0.73,RU,1690403431
394,el nido,11.1858,119.3956,28.56,80,98,11.75,PH,1690403432
395,pottsville,40.6857,-76.1955,30.98,63,25,1.79,US,1690403201
396,nemuro,43.3236,145.575,14.49,100,100,0.42,JP,1690403432
397,angaur state,6.906,134.13,27.35,77,100,7.64,PW,1690403432
398,kangding,30.0513,101.9603,16.24,96,100,0.94,CN,1690403432
399,kapa'a,22.0752,-159.319,29.18,80,40,6.69,US,1690403160
400,porbandar,21.6422,69.6093,27.39,84,100,8.0,IN,1690403433
401,kurchatov,51.6601,35.6521,23.01,80,79,0.48,RU,1690403433
402,kapoeta,4.7717,33.5903,22.29,85,100,2.55,SS,1690403433
403,kiffa,16.6166,-11.4045,36.14,37,11,6.98,MR,1690403433
404,mariental,-24.6333,17.9667,15.71,17,0,3.47,,1690403433
405,kuqa,41.7278,82.9364,28.78,27,0,1.92,CN,1690403433
406,breckenridge,32.7557,-98.9023,39.11,24,40,5.14,US,1690403434
407,kotido,2.9806,34.1331,20.28,83,97,0.65,UG,1690403434
408,ajaccio,42.0,8.9167,21.03,68,20,2.06,FR,1690403434
409,ciudad bolivar,8.1222,-63.5497,30.67,58,100,0.97,VE,1690403434
410,paita,-5.0892,-81.1144,21.13,88,47,7.61,PE,1690403434
411,kaoma,-14.7833,24.8,15.16,42,1,3.15,ZM,1690403434
412,gamba,-2.65,10.0,21.06,94,48,2.52,GA,1690403434
413,kabompo,-13.5927,24.2008,14.89,39,11,2.2,ZM,1690403435
414,praia,14.9215,-23.5087,28.3,74,75,3.6,CV,1690403435
415,arraial do cabo,-22.9661,-42.0278,21.92,88,0,6.17,BR,1690403435
416,pechora,65.1472,57.2244,16.57,77,100,1.94,RU,1690403435
417,suonenjoki,62.6167,27.1333,15.67,89,17,1.31,FI,1690403435
418,khorugh,37.4897,71.553,20.37,26,6,2.24,TJ,1690403435
419,pandan,14.0453,124.1694,28.64,77,100,9.64,PH,1690403436
420,khandyga,62.6667,135.6,16.43,50,0,4.27,RU,1690403436
421,ancud,-41.8697,-73.8203,9.67,74,100,2.96,CL,1690403441
422,kayyerkan,69.3786,87.7439,20.72,72,9,1.9,RU,1690403441
423,mermoz boabab,14.7065,-17.4758,29.31,82,100,4.64,SN,1690403441
424,novoishimskiy,53.1981,66.7694,16.67,86,5,0.6,KZ,1690403441
425,holualoa,19.6228,-155.9522,26.91,82,40,5.14,US,1690403239
426,ponta delgada,37.7333,-25.6667,24.4,69,20,2.57,PT,1690403177
427,novyy urengoy,66.0833,76.6333,20.13,65,47,2.84,RU,1690403447
428,carahue,-38.7,-73.1667,10.54,89,100,0.3,CL,1690403447
429,kisi,9.0833,3.85,23.66,90,100,2.08,NG,1690403448
430,huai'an,33.5886,119.0192,24.04,98,77,2.74,CN,1690403448
431,joal-fadiout,14.1667,-16.8333,28.34,79,100,4.64,SN,1690403448
432,sao joao da barra,-21.6403,-41.0511,24.05,84,8,3.7,BR,1690403416
433,ban na san,8.8004,99.3637,24.13,88,100,2.92,TH,1690403449
434,kharp,66.8014,65.8081,16.87,80,100,1.74,RU,1690403449
435,eyl,7.9803,49.8164,25.0,74,7,10.41,SO,1690403449
436,kingscliff,-28.2667,153.5667,13.76,87,75,2.57,AU,1690403449
437,meadow lakes,61.6247,-149.6011,19.3,75,100,0.0,US,1690403449
438,rio grande,-32.035,-52.0986,18.06,86,72,8.32,BR,1690403295
439,tsuyama,35.05,134.0,23.79,89,1,0.46,JP,1690403450
440,ploneour-lanvern,47.9,-4.2833,17.16,100,100,3.09,FR,1690403450
441,el abadia,36.2695,1.6861,31.74,79,0,3.45,DZ,1690403450
442,kirensk,57.7853,108.1119,17.53,94,100,0.79,RU,1690403450
443,akrehamn,59.2667,5.1833,15.23,88,75,5.14,NO,1690403450
444,al hufuf,25.3646,49.5653,34.19,33,0,1.54,SA,1690403365
445,sao joao do paraiso,-15.3136,-42.0144,21.14,69,94,4.51,BR,1690403451
446,palu,-0.8917,119.8707,24.43,87,69,2.3,ID,1690403451
447,souillac,-20.5167,57.5167,20.21,94,20,1.54,MU,1690403451
448,naze,28.3667,129.4833,27.51,81,100,7.09,JP,1690403451
449,huarmey,-10.0681,-78.1522,20.63,77,11,6.03,PE,1690403451
450,namdrik,5.5994,168.1028,27.83,78,95,3.61,MH,1690403451
451,yichang,30.7144,111.2847,24.3,92,100,1.35,CN,1690403452
452,daru,-9.0763,143.2092,23.65,90,78,4.27,PG,1690403452
453,strugi-krasnyye,58.2675,29.1114,12.97,97,1,2.46,RU,1690403452
454,chui,-33.6971,-53.4616,11.65,85,91,6.05,UY,1690403452
455,hoganas,56.1997,12.558,14.5,71,100,7.15,SE,1690403452
456,hasaki,35.7333,140.8333,26.28,85,18,3.08,JP,1690403453
457,obo,5.3998,26.4869,21.52,90,100,0.59,CF,1690403453
458,dickinson,29.4608,-95.0513,38.41,55,40,3.09,US,1690403264
459,darnah,32.767,22.6367,29.48,65,0,8.31,LY,1690403453
460,nadvoitsy,63.8667,34.3167,12.6,89,41,1.31,RU,1690403453
461,lincoln city,44.9582,-124.0179,26.14,66,0,4.92,US,1690403237
462,gulf shores,30.246,-87.7008,35.32,61,0,5.14,US,1690403454
463,uzgen,40.7699,73.3007,25.16,30,36,4.78,KG,1690403432
464,beloyarskiy,63.7119,66.6722,14.19,97,100,2.11,RU,1690403454
465,trincomalee,8.5711,81.2335,26.73,75,100,4.7,LK,1690403454
466,nyurba,63.2842,118.3319,13.7,71,23,2.82,RU,1690403454
467,beaufort west,-32.3567,22.583,11.75,65,44,1.68,ZA,1690403454
468,klaksvik,62.2266,-6.589,9.51,74,35,2.49,FO,1690403455
469,ugoofaaru,5.6667,73.0,27.95,75,96,1.03,MV,1690403455
470,malindi,-3.2175,40.1191,23.69,82,37,6.33,KE,1690403455
471,yeniseysk,58.4497,92.1703,14.81,96,95,1.71,RU,1690403455
472,kani keli,-12.9536,45.1033,23.59,75,5,1.24,YT,1690403456
473,ilek,51.5271,53.3831,21.25,63,7,1.2,RU,1690403456
474,berowra heights,-33.6096,151.1373,9.88,78,0,0.83,AU,1690403456
475,westport,41.1415,-73.3579,32.93,58,0,2.57,US,1690403208
476,tyukhtet,56.5389,89.3011,12.95,96,0,1.99,RU,1690403456
477,downpatrick,54.3263,-5.7035,16.16,99,100,3.26,GB,1690403456
478,colares,38.7992,-9.4469,21.82,80,20,12.52,PT,1690403456
479,sakakah,29.9697,40.2064,34.76,15,39,5.13,SA,1690403403
480,lodja,-3.4833,23.4333,25.51,34,90,0.54,CD,1690403456
481,new plymouth,-39.0667,174.0833,11.56,79,71,11.99,NZ,1690403457
482,newman,37.3138,-121.0208,38.36,10,0,1.37,US,1690403457
483,ribadesella,43.4614,-5.0596,21.08,92,15,1.09,ES,1690403457
484,lisala,2.15,21.5167,23.34,80,78,1.06,CD,1690403457
485,martapura,-3.4167,114.85,21.05,100,23,0.51,ID,1690403457
486,akbarabad,29.2464,52.7793,30.79,31,0,1.24,IR,1690403457
487,villa sandino,12.0483,-84.9936,30.65,76,78,5.05,NI,1690403457
488,pajacuaran,20.1167,-102.5667,30.29,51,100,6.35,MX,1690403458
489,maloye ganyushkino,46.6,49.2667,27.17,41,0,2.51,KZ,1690403458
490,gorontalo,0.5412,123.0595,22.77,99,48,1.68,ID,1690403458
491,kennett,36.2362,-90.0556,35.08,54,0,9.26,US,1690403458
492,cill airne,52.05,-9.5167,16.37,98,100,3.67,IE,1690403458
493,arhribs,36.7936,4.3116,23.05,79,0,9.38,DZ,1690403458
494,badagry,6.4167,2.8833,24.43,94,15,2.63,NG,1690403458
495,illizi,26.4833,8.4667,37.89,9,0,5.22,DZ,1690403459
496,lamesa,32.7376,-101.951,36.96,18,11,5.6,US,1690403459
497,ust'-kulom,61.6864,53.6902,12.36,86,10,1.41,RU,1690403459
498,kamloops,50.6665,-120.3192,23.55,36,75,2.57,CA,1690403436
499,pokhara,28.2333,83.9833,23.31,73,99,1.42,NP,1690403394
500,bel ombre,-4.6167,55.4167,25.91,83,75,3.09,SC,1690403459
501,atyashevo,54.5644,46.0691,18.83,86,35,4.93,RU,1690403460
502,sarmiento,-45.5882,-69.07,2.54,64,100,1.67,AR,1690403460
503,hammerfest,70.6634,23.6821,12.25,76,40,4.63,NO,1690403460
504,riorges,46.0418,4.0497,19.69,70,62,0.34,FR,1690403460
505,mbuji-mayi,-6.15,23.6,26.11,26,42,1.8,CD,1690403460
506,mengellang,7.6957,134.6305,25.95,87,100,10.04,PW,1690403460
507,nema,57.5067,50.5011,17.0,91,100,3.45,RU,1690403460
508,hirara,24.8,125.2833,28.15,83,75,9.26,JP,1690403461
509,extrema,-22.8547,-46.3183,17.38,51,13,0.22,BR,1690403461
510,kralendijk,12.15,-68.2667,29.99,70,40,7.72,BQ,1690403461
511,dahab,28.501,34.5134,34.62,26,7,1.46,EG,1690403462
512,oral,51.2333,51.3667,20.99,78,0,2.0,KZ,1690403463
513,fortuna,40.5982,-124.1573,20.52,74,0,7.2,US,1690403463
514,kronshagen,54.3433,10.0994,15.08,77,85,2.06,DE,1690403463
515,ghat,24.9647,10.1728,32.53,11,0,1.99,LY,1690403464
516,tangalle,6.024,80.7911,25.04,90,100,4.27,LK,1690403221
517,saint-philippe,-21.3585,55.7679,19.77,89,34,3.68,RE,1690403464
518,belel,7.05,14.4333,16.52,92,93,0.27,CM,1690403465
519,general villegas,-35.0328,-63.0125,11.76,50,4,3.07,AR,1690403465
520,marsh harbour,26.5412,-77.0636,28.49,72,98,4.3,BS,1690403465
521,port alfred,-33.5906,26.891,15.1,88,100,1.34,ZA,1690403466
522,zaragoza,41.6561,-0.8773,27.11,37,0,3.09,ES,1690403466
523,bamboo flat,11.7,92.7167,27.66,84,99,7.1,IN,1690403466
524,luganville,-15.5333,167.1667,22.73,85,100,5.69,VU,1690403466
525,copiapo,-27.3667,-70.3333,13.83,43,0,2.16,CL,1690403306
526,laela,-8.5667,32.05,13.11,53,69,1.56,TZ,1690403467
527,irece,-11.3042,-41.8558,26.61,34,89,6.77,BR,1690403330
528,willowmore,-33.2926,23.4895,11.07,71,71,2.22,ZA,1690403467
529,huangmei,30.1924,116.025,25.97,82,22,1.96,CN,1690403467
530,'ain el melh,34.8415,4.1638,29.29,18,1,2.39,DZ,1690403467
531,sansepolcro,43.5747,12.143,19.96,85,3,1.34,IT,1690403468
532,kato achaia,38.15,21.55,29.98,58,0,2.06,GR,1690403468
533,taybad,34.74,60.7756,29.87,35,0,11.09,IR,1690403468
534,mar del plata,-38.0023,-57.5575,11.72,84,75,8.05,AR,1690403469
535,new norfolk,-42.7826,147.0587,9.28,94,100,1.4,AU,1690403470
536,corinto,37.9407,22.9573,30.5,55,2,2.45,GR,1690403470
537,tomatlan,19.9333,-105.25,33.41,51,93,4.32,MX,1690403470
538,kone,-21.0595,164.8658,17.96,59,5,2.02,NC,1690403471
539,esquel,-42.9,-71.3167,3.94,90,100,1.54,AR,1690403451
540,aripuana,-9.1667,-60.6333,35.76,25,1,1.21,BR,1690403311
541,alofi,-19.0595,-169.9187,21.94,83,75,1.03,NU,1690403471
542,tchintabaraden,15.8969,5.7985,36.07,32,96,4.72,NE,1690403472
543,revda,56.801,59.9303,14.14,94,52,1.55,RU,1690403472
544,lethem,3.3803,-59.7968,28.35,76,94,2.07,GY,1690403472
545,bubaque,11.2833,-15.8333,27.54,82,83,5.76,GW,1690403472
546,nioki,-2.7167,17.6833,29.07,38,68,0.64,CD,1690403472
547,vorkuta,67.5,64.0,14.23,92,100,2.67,RU,1690403478
548,fonte boa,-2.4959,-66.2662,29.47,63,98,0.96,BR,1690403478
549,borzya,50.3833,116.5167,13.57,97,80,1.51,RU,1690403478
550,puerto aysen,-45.4,-72.7,6.02,81,75,0.0,CL,1690403478
551,port saint john's,-31.6229,29.5448,19.11,48,92,2.14,ZA,1690403478
552,altamont,42.2068,-121.7372,30.5,34,0,3.09,US,1690403479
553,karratha,-20.7377,116.8463,18.88,75,32,3.11,AU,1690403479
554,tosontsengel,48.7567,98.2839,8.43,84,20,0.4,MN,1690403479
555,bathsheba,13.2167,-59.5167,30.34,83,20,8.23,BB,1690403479
556,xianning,29.8833,114.2167,25.07,92,67,2.17,CN,1690403480
557,nishiwaki,34.9833,134.9667,26.66,86,4,0.69,JP,1690403480
558,kill devil hills,36.0307,-75.676,32.21,72,0,6.17,US,1690403480
559,lemvig,56.5486,8.3102,13.97,84,100,9.67,DK,1690403218
560,gamay,12.3854,125.2979,25.65,85,100,2.72,PH,1690403480
561,cimin,39.7101,39.7021,17.04,68,0,0.51,TR,1690403481
562,gaiman,-43.2897,-65.4929,6.7,39,100,2.68,AR,1690403481
563,puerto pilon,9.3644,-79.7933,30.58,87,100,1.72,PA,1690403481
564,puerto leguizamo,-0.1934,-74.7819,30.18,60,81,0.49,CO,1690403481
565,coracao de jesus,-16.6853,-44.365,22.7,39,23,2.47,BR,1690403481
566,la ronge,55.1001,-105.2842,14.14,88,100,4.63,CA,1690403481
567,kirakira,-10.4544,161.9205,26.2,89,84,4.65,SB,1690403481
568,dolores,-36.3132,-57.6792,10.75,70,3,7.66,AR,1690403482
569,leticia,-4.2153,-69.9406,32.03,66,40,1.54,CO,1690403482
570,benalla,-36.55,145.9833,6.83,94,0,2.21,AU,1690403483
